"fold","fold_seed","fit_periods","held_out_periods","test_periods","cp","minbucket","maxdepth","train_lift","test_lift"
1,3001,2013,106,696,0,4,7,1.62711971028076,1.3473178211827
2,3001,2013,106,696,1e-04,4,8,1.7241752511301,1.29203474046093
3,3001,2013,106,696,0,4,8,1.7161900095078,1.36301688177282
4,3001,2013,106,696,1e-04,6,8,1.73563014390875,1.27479665184524
5,3001,2013,106,696,1e-04,4,7,1.64994367810542,1.34565390595872
6,3001,2013,106,696,0,4,8,1.72432573483498,1.24960477170544
7,3001,2013,106,696,0,4,8,1.75057249430373,1.26997217669272
8,3001,2013,106,696,0,8,8,1.51844453127403,1.26768617527067
9,3001,2013,106,696,0,4,8,1.67134673742075,1.36370650279038
10,3001,2013,106,696,0,5,8,1.67568359793398,1.24819454720158
11,3001,2013,106,696,0,5,8,1.72412586373848,1.24206088868621
12,3001,2013,106,696,0,6,8,1.67249646565518,1.3138977457999
13,3001,2013,106,696,1e-04,4,8,1.70325599012917,1.35018587527581
14,3001,2013,106,696,0,4,7,1.6999359667445,1.34559037449194
15,3001,2013,106,696,0,6,8,1.72585378392339,1.34093055897662
16,3001,2013,106,696,1e-04,4,8,1.70886668397666,1.35122509341951
17,3001,2013,106,696,0,5,8,1.70298221559026,1.29134538053159
18,3001,2013,106,696,0,6,8,1.66599805322179,1.38759067906725
19,3001,2013,106,696,0,5,8,1.6558865799458,1.25989547685444
20,3001,2014,105,696,0,5,8,1.7311465215783,1.28413342766897
