"fold","fold_seed","holdout_fraction","fit_periods","test_periods","cp","minbucket","maxdepth","train_lift","test_lift"
1,3001,0.05,2013,696,0.001,5,8,1.64783404477924,1.36619397728861
2,3002,0.05,2013,696,0,7,8,1.65924046746919,1.35010424169245
3,3003,0.05,2013,696,0,6,8,1.6930201798596,1.34994410758439
4,3004,0.05,2013,696,0,4,8,1.711997888114,1.31532955359659
5,3005,0.05,2013,696,0,6,8,1.72702001162042,1.34741137779475
6,3006,0.05,2013,696,1e-04,8,7,1.59347224938327,1.31214706225759
7,3007,0.05,2013,696,1e-04,4,8,1.67249259310805,1.35687965505178
8,3008,0.05,2013,696,0,5,8,1.69242919225942,1.32435136999798
9,3009,0.05,2013,696,0,6,8,1.65489952795414,1.33597832465527
10,3010,0.05,2013,696,1e-04,4,8,1.71512072259743,1.30977072431153
11,3011,0.05,2013,696,0,4,7,1.6759800925135,1.38597950366365
12,3012,0.05,2013,696,0,4,8,1.68993211079272,1.32619212897608
13,3013,0.05,2013,696,0,7,8,1.5934245819071,1.27606040585787
14,3014,0.05,2013,696,0,8,8,1.58826347701097,1.36492491448219
15,3015,0.05,2013,696,0,4,7,1.68993396417135,1.2776109217651
16,3016,0.05,2013,696,0,6,8,1.73024574733537,1.32728965682218
17,3017,0.05,2013,696,1e-04,4,8,1.67314368287953,1.29157566034134
18,3018,0.05,2013,696,1e-04,4,8,1.6447935317349,1.30647962027315
19,3019,0.05,2013,696,0,5,8,1.73692138289615,1.34590698747299
20,3020,0.05,2013,696,1e-04,8,8,1.67459003601334,1.33335638972391
